{
  "version": 2,
  "weights": {
    "yeast_weights": [
      0.0,
      0.0,
      0.0,
      0.0,
      0.0,
      0.0,
      0.0,
      0.0,
      0.0,
      0.0
    ],
    "triple_phosphate_weights": [
      0.0,
      0.0,
      0.0,
      0.0,
      0.0,
      0.0,
      0.0,
      0.0,
      0.0,
      0.0
    ],
    "calcium_oxalate_weights": [
      0.8533333333333335,
      0.8533333333333335,
      0.8533333333333335,
      0.8533333333333335,
      0.8533333333333335,
      0.8533333333333335,
      0.8533333333333335,
      0.8533333333333335,
      0.8533333333333335,
      0.8533333333333335
    ],
    "squamous_cells_weights": [
      0.12666666666666668,
      0.12666666666666668,
      0.12666666666666668,
      0.12666666666666668,
      0.12666666666666668,
      0.12666666666666668,
      0.12666666666666668,
      0.12666666666666668,
      0.12666666666666668,
      0.12666666666666668
    ],
    "uric_acid_weights": [
      0.0,
      0.0,
      0.0,
      0.0,
      0.0,
      0.0,
      0.0,
      0.0,
      0.0,
      0.0
    ]
  },
  "participating_devices": 5,
  "aggregation_timestamp": "2025-11-14T10:15:51.784012",
  "average_loss": 0.15,
  "average_accuracy": 0.82
}