{
  "version": 1,
  "weights": {
    "yeast_weights": [
      0.020408163265306124,
      0.020408163265306124,
      0.020408163265306124,
      0.020408163265306124,
      0.020408163265306124,
      0.020408163265306124,
      0.020408163265306124,
      0.020408163265306124,
      0.020408163265306124,
      0.020408163265306124
    ],
    "triple_phosphate_weights": [
      0.21428571428571427,
      0.21428571428571427,
      0.21428571428571427,
      0.21428571428571427,
      0.21428571428571427,
      0.21428571428571427,
      0.21428571428571427,
      0.21428571428571427,
      0.21428571428571427,
      0.21428571428571427
    ],
    "calcium_oxalate_weights": [
      0.6275510204081632,
      0.6275510204081632,
      0.6275510204081632,
      0.6275510204081632,
      0.6275510204081632,
      0.6275510204081632,
      0.6275510204081632,
      0.6275510204081632,
      0.6275510204081632,
      0.6275510204081632
    ],
    "squamous_cells_weights": [
      0.12244897959183675,
      0.12244897959183675,
      0.12244897959183675,
      0.12244897959183675,
      0.12244897959183675,
      0.12244897959183675,
      0.12244897959183675,
      0.12244897959183675,
      0.12244897959183675,
      0.12244897959183675
    ],
    "uric_acid_weights": [
      0.0,
      0.0,
      0.0,
      0.0,
      0.0,
      0.0,
      0.0,
      0.0,
      0.0,
      0.0
    ]
  },
  "participating_devices": 5,
  "aggregation_timestamp": "2025-11-14T10:13:51.729876",
  "average_loss": 0.15,
  "average_accuracy": 0.82
}