{
  "version": 3,
  "weights": {
    "yeast_weights": [
      0.32838589981447125,
      0.32838589981447125,
      0.32838589981447125,
      0.32838589981447125,
      0.32838589981447125,
      0.32838589981447125,
      0.32838589981447125,
      0.32838589981447125,
      0.32838589981447125,
      0.32838589981447125
    ],
    "triple_phosphate_weights": [
      0.04081632653061224,
      0.04081632653061224,
      0.04081632653061224,
      0.04081632653061224,
      0.04081632653061224,
      0.04081632653061224,
      0.04081632653061224,
      0.04081632653061224,
      0.04081632653061224,
      0.04081632653061224
    ],
    "calcium_oxalate_weights": [
      0.32838589981447125,
      0.32838589981447125,
      0.32838589981447125,
      0.32838589981447125,
      0.32838589981447125,
      0.32838589981447125,
      0.32838589981447125,
      0.32838589981447125,
      0.32838589981447125,
      0.32838589981447125
    ],
    "squamous_cells_weights": [
      0.14471243042671614,
      0.14471243042671614,
      0.14471243042671614,
      0.14471243042671614,
      0.14471243042671614,
      0.14471243042671614,
      0.14471243042671614,
      0.14471243042671614,
      0.14471243042671614,
      0.14471243042671614
    ],
    "uric_acid_weights": [
      0.0,
      0.0,
      0.0,
      0.0,
      0.0,
      0.0,
      0.0,
      0.0,
      0.0,
      0.0
    ]
  },
  "participating_devices": 5,
  "aggregation_timestamp": "2025-11-14T10:18:49.571617",
  "average_loss": 0.15,
  "average_accuracy": 0.82
}